apple	苹果
book	书
school	学校
teacher	教师
student	学生
classroom	教室
friend	朋友
family	家庭
mother	母亲
father	父亲
sister	姐妹
brother	兄弟
baby	婴儿
child	孩子
boy	男孩
girl	女孩
man	男人
woman	女人
people	人们
person	人
home	家
house	房子
room	房间
door	门
window	窗
wall	墙
floor	地板
roof	屋顶
table	桌子
chair	椅子
bed	床
bag	包
box	盒子
pen	钢笔
pencil	铅笔
paper	纸
letter	信；字母
picture	图片
photo	照片
phone	电话
computer	电脑
clock	时钟
watch	手表；观看
water	水
milk	牛奶
bread	面包
rice	米饭
food	食物
fruit	水果
orange	橙子；橙色
banana	香蕉
egg	鸡蛋
meat	肉
fish	鱼
chicken	鸡；鸡肉
vegetable	蔬菜
potato	土豆
tomato	番茄
tea	茶
coffee	咖啡
sugar	糖
salt	盐
breakfast	早餐
lunch	午餐
dinner	晚餐
cake	蛋糕
cup	杯子
plate	盘子
bowl	碗
spoon	勺子
knife	刀
fork	叉子
cat	猫
dog	狗
bird	鸟
horse	马
cow	奶牛
pig	猪
sheep	羊
rabbit	兔子
monkey	猴子
tiger	老虎
lion	狮子
elephant	大象
animal	动物
plant	植物
tree	树
flower	花
grass	草
leaf	叶子
sun	太阳
moon	月亮
star	星星
sky	天空
cloud	云
rain	雨
snow	雪
wind	风
weather	天气
river	河流
lake	湖泊
sea	海洋
mountain	山
forest	森林
park	公园
street	街道
road	道路
city	城市
town	城镇
village	村庄
country	国家；乡村
world	世界
map	地图
bus	公共汽车
car	汽车
train	火车
plane	飞机
bike	自行车
boat	船
ship	轮船
station	车站
airport	机场
shop	商店
market	市场
hospital	医院
library	图书馆
bank	银行；河岸
hotel	旅馆
restaurant	餐馆
farm	农场
museum	博物馆
cinema	电影院
head	头
face	脸
eye	眼睛
ear	耳朵
nose	鼻子
mouth	嘴
hand	手
arm	手臂
leg	腿
foot	脚
hair	头发
body	身体
heart	心脏
shirt	衬衫
coat	外套
hat	帽子
shoe	鞋
sock	袜子
dress	连衣裙；穿衣
skirt	裙子
red	红色
blue	蓝色
green	绿色
yellow	黄色
black	黑色
white	白色
brown	棕色
pink	粉色
purple	紫色
color	颜色
one	一
two	二
three	三
four	四
five	五
six	六
seven	七
eight	八
nine	九
ten	十
hundred	一百
thousand	一千
number	数字
day	天
time	时间
week	周
month	月
year	年
morning	早晨
afternoon	下午
evening	傍晚
night	夜晚
today	今天
tomorrow	明天
yesterday	昨天
spring	春天
summer	夏天
autumn	秋天
winter	冬天
season	季节
birthday	生日
holiday	假日
happy	快乐的
sad	难过的
angry	生气的
tired	疲倦的
hungry	饥饿的
thirsty	口渴的
healthy	健康的
ill	生病的
hot	热的
cold	冷的
warm	温暖的
cool	凉爽的
big	大的
small	小的
long	长的
short	短的；矮的
high	高的
low	低的
old	旧的；年老的
young	年轻的
new	新的
good	好的
bad	坏的
beautiful	美丽的
clean	干净的
clear	清楚的
dirty	脏的
fast	快的
slow	慢的
easy	容易的
difficult	困难的
right	正确的；右边
wrong	错误的
left	左边
open	打开
close	关闭
read	阅读
write	写
speak	说话
listen	听
hear	听见
see	看见
look	看
learn	学习
study	学习；研究
teach	教
work	工作
play	玩
run	跑
walk	走
jump	跳
swim	游泳
sing	唱歌
dance	跳舞
draw	画画
sit	坐
stand	站
sleep	睡觉
wake	醒来
eat	吃
drink	喝
cook	做饭
wash	洗
buy	买
sell	卖
give	给
take	拿；带走
bring	带来
help	帮助
love	爱
like	喜欢
want	想要
need	需要
think	思考
know	知道
understand	理解
remember	记得
forget	忘记
ask	问
answer	回答
question	问题
problem	问题；难题
idea	想法
story	故事
news	新闻
music	音乐
sport	运动
game	游戏
football	足球
basketball	篮球
tennis	网球
travel	旅行
visit	参观；拜访
meet	见面
wait	等待
start	开始
finish	完成
stop	停止
move	移动
turn	转动；转向
carry	携带
send	发送
receive	收到
money	钱
price	价格
job	工作
lesson	课程
homework	家庭作业
exam	考试
language	语言
science	科学
history	历史
art	艺术
math	数学
minute	分钟
hour	小时
second	秒；第二
future	未来
past	过去
life	生活；生命
health	健康
hope	希望
dream	梦想
smile	微笑
laugh	笑
cry	哭
voice	声音
sound	声音
light	光；轻的
heavy	重的
strong	强壮的
weak	弱的
safe	安全的
danger	危险
careful	小心的
kind	友善的；种类
polite	有礼貌的
quiet	安静的
busy	忙碌的
free	空闲的；免费的
full	满的
empty	空的
near	近的
far	远的
between	在两者之间
behind	在后面
front	前面
inside	里面
outside	外面
above	上方
below	下方
before	之前
after	之后
together	一起
again	再次
always	总是
never	从不
sometimes	有时
often	经常
usually	通常
